name,group,T1,T2,T3,T4,T5,T6,T7,T8,T9,T10,T11,T12,T13,T14,T15,T16,T17,T18,T19,T19,ID
"data, visual, visualization, users, study, interactive, based, method, using, analysis",A Partition-Based Framework for Building and Validating Regression Models,3,5,8,4,16,2,9,18,11,20,13,19,17,12,15,7,1,10,6,14,1
"data, visual, using, visualization, study, interactive, users, analysis, system, visualizations",Decision Exploration Lab: A Visual Analytics Solution for Decision Management,6,5,1,2,7,8,9,17,18,14,3,4,12,13,11,10,16,19,15,20,2
"data, time, study, interactive, users, visual, using, method, use, visualization",Vis4Heritage: Visual Analytics Approach on Grotto Wall Painting Degradations,19,17,14,7,8,3,11,12,9,2,1,5,13,6,16,18,15,4,10,20,3
"data, visual, visualization, based, users, analysis, visualizations, method, different, techniques",UTOPIAN: User-Driven Topic Modeling Based on Interactive Nonnegative Matrix Factorization,7,16,12,20,19,2,3,9,14,1,6,15,13,5,10,17,8,4,18,11,4
"data, users, visual, system, based, visualization, method, analysis, visualizations, time",HierarchicalTopics: Visually Exploring Large Text Collections Using Topic Hierarchies,1,11,8,4,16,10,13,15,7,14,5,20,17,2,9,18,3,6,12,19,5
"data, visual, visualization, based, visualizations, analysis, time, method, techniques, system",Visual Analysis of Topic Competition on Social Media,8,1,3,11,10,13,6,14,18,9,15,20,12,2,4,5,7,17,16,19,6
"data, visual, visualization, using, analysis, users, techniques, results, visualizations, time",ScatterBlogs2: Real-Time Monitoring of Microblog Messages through User-Guided filtering,9,5,15,1,11,8,7,18,12,6,3,4,14,20,13,2,10,19,16,17,7
"data, method, visual, using, visualization, users, based, study, interactive, visualizations",Visual Analytics for Multimodal Social Network Analysis: A Design Study with Social Scientists,2,11,15,1,13,8,17,14,5,16,7,6,10,18,9,3,12,4,20,19,8
"data, visual, visualization, using, users, visualizations, system, analysis, time, method",Explainers: Expert Explorations with Crafted Projections,1,12,20,5,6,8,9,4,7,17,11,10,14,13,18,3,15,2,16,19,9
"data, users, visual, based, different, visualizations, system, visualization, using, analysis",Semantics of Directly Manipulating Spatializations,9,3,18,2,13,6,7,17,14,5,15,1,12,11,4,19,8,10,16,20,10
"data, visual, visualization, analysis, method, techniques, users, visualizations, study, interactive",SketchPadN-D: WYDIWYG Sculpting and Editing in High-Dimensional Space,2,3,12,13,19,8,18,14,11,1,7,6,5,17,4,9,16,15,10,20,11
"data, visual, system, visualization, visualizations, study, interactive, users, analysis, based",Visual Analysis of Higher-Order Conjunctive Relationships in Multidimensional Data Using a Hypergraph Query System,5,2,9,4,11,12,18,7,14,10,3,19,16,13,15,6,8,1,17,20,12
"data, visual, based, visualization, using, analysis, method, users, system, visualizations",Interactive Exploration of Implicit and Explicit Relations in Faceted Datasets,10,19,2,5,17,7,8,12,11,9,4,1,14,16,13,3,15,18,6,20,13
"data, visual, visualizations, visualization, based, method, using, analysis, users, system",VAICo: Visual Analysis for Image Comparison,7,18,15,8,13,3,2,17,5,1,4,10,11,16,6,12,19,14,9,20,14
"data, users, using, visual, visualization, study, interactive, time, results, analysis",Open-Box Spectral Clustering: Applications to Medical Image Analysis,8,13,3,2,19,9,11,4,5,6,12,16,10,18,15,17,14,7,1,20,15
"data, visualizations, visual, method, study, interactive, system, based, visualization, using",Transformation of an Uncertain Video Search Pipeline to a Sketch-Based Visual Analytics Loop,2,6,18,5,17,16,8,7,15,13,4,1,19,3,9,10,14,11,12,20,16
"data, based, method, visual, using, study, interactive, visualization, visualizations, results",Interactive Exploration of Surveillance Video through Action Shot Summarization and Trajectory Visualization,1,6,16,3,12,13,2,17,5,4,20,14,10,7,19,11,8,9,18,15,17
"data, visual, using, visualization, based, visualizations, analysis, users, results, method",Space-Time Visual Analytics of Eye-Tracking Data for Dynamic Stimuli,5,4,11,2,19,8,1,12,15,14,6,17,16,13,20,3,9,7,10,18,18
"data, visual, method, using, visualization, different, system, time, study, interactive",An Extensible Framework for Provenance in Human Terrain Visual Analytics,17,20,2,6,18,7,10,19,8,4,1,3,11,14,16,9,12,5,15,13,19
"data, visual, visualization, analysis, users, techniques, based, method, using, paper",Visual Exploration of Big Spatio-Temporal Urban Data: A Study of New York City Taxi Trips,7,3,5,1,15,4,11,6,8,2,13,10,18,20,9,19,14,12,16,17,20
"data, based, visual, method, visualization, visualizations, study, interactive, analysis, system",Visual Traffic Jam Analysis Based on Trajectory Data,8,3,14,7,9,10,15,20,5,6,4,13,11,19,17,2,18,1,12,16,21
"data, visualizations, time, visual, using, visualization, method, based, different, system",Space Transformation for Understanding Group Movement,7,2,20,11,17,3,1,12,10,6,8,16,4,5,18,15,13,9,19,14,22
"data, visual, visualization, time, system, based, analysis, using, users, visualizations",Visual Analytics for Spatial Clustering: Using a Heuristic Approach for Guided Exploration,4,8,2,19,20,13,5,15,16,1,7,9,17,11,3,10,12,14,6,18,23
"data, visual, visualization, users, analysis, visualizations, time, system, techniques, study",Supporting Awareness through Collaborative Brushing and Linking of Tabular Data,6,12,20,18,14,10,1,2,19,8,5,15,7,16,3,11,9,4,17,13,24
"data, visual, users, time, visualizations, system, study, interactive, visualization, based",Identifying Redundancy and Exposing Provenance in Crowdsourced Data Analysis,4,3,12,2,1,13,15,19,11,5,6,7,8,17,20,16,10,14,9,18,25
"data, visual, based, using, users, visualization, time, system, visualizations, present",The Impact of Physical Navigation on Spatial Organization for Sensemaking,8,13,14,3,16,11,2,1,17,15,5,12,6,18,10,9,19,7,4,20,26
"data, visualizations, using, based, system, results, visual, method, users, time",Using Interactive Visual Reasoning to Support Sense-Making: Implications for Design,14,7,18,1,10,4,2,15,19,3,11,9,13,17,5,6,16,8,12,20,27
"data, visual, visualization, analysis, users, techniques, different, visualizations, based, paper",Temporal Event Sequence Simplification,1,17,10,12,19,9,7,13,14,16,2,6,18,5,8,4,15,3,11,20,28
"data, visual, visualization, visualizations, study, interactive, analysis, techniques, using, users",Visual Analytics for Model Selection in Time Series Analysis,9,7,11,19,12,3,5,2,16,4,1,8,17,13,15,6,10,20,18,14,29
"data, visual, visualization, analysis, techniques, visualizations, method, based, paper, design",TimeBench: A Data Model and Software Library for Visual Analytics of Time-Oriented Data,4,12,14,1,13,7,16,11,9,8,2,10,15,5,17,6,18,3,19,20,30
"data, visual, visualization, analysis, techniques, visualizations, users, paper, design, approach",MotionExplorer: Exploratory Search in Human Motion Capture Data Based on Hierarchical Aggregation,2,7,19,3,20,8,9,13,4,6,1,16,10,17,12,15,5,11,14,18,31
"data, visual, using, users, visualization, system, based, results, analysis, method",Supporting the Visual Analysis of Dynamic Networks by Clustering associated Temporal Attributes,4,9,16,2,13,20,6,12,18,3,1,11,19,14,17,5,7,8,10,15,32
"data, visual, visualization, users, analysis, method, techniques, system, using, visualizations",LineUp: Visual Analysis of Multi-Attribute Rankings,1,2,17,13,9,10,11,14,16,7,5,6,8,18,19,12,4,3,15,20,33
"data, users, visual, system, visualization, visualizations, analysis, using, different, based",A Model for Structure-Based Comparison of Many Categories in Small-Multiple Displays,8,11,15,3,10,4,2,12,18,5,16,6,7,14,9,13,1,17,20,19,34
"data, visualizations, visual, visualization, method, time, users, analysis, system, using",Common Angle Plots as Perception-True Visualizations of Categorical Associations,2,6,9,14,20,13,4,16,18,12,15,10,11,1,8,7,3,5,17,19,35
"data, visual, visualization, method, analysis, visualizations, different, techniques, users, time",What Makes a Visualization Memorable?,6,5,16,3,8,4,12,17,10,1,2,20,9,11,18,14,15,7,13,19,36
"data, users, visual, method, based, visualization, visualizations, study, interactive, time",Perception of Average Value in Multiclass Scatterplots,2,13,8,16,18,4,12,5,17,14,1,11,7,19,15,6,9,10,3,20,37
"data, visual, visualization, based, analysis, users, visualizations, techniques, time, study",Selecting the Aspect Ratio of a Scatter Plot Based on Its Delaunay Triangulation,14,7,15,2,9,3,8,13,16,6,1,4,12,5,19,10,18,17,11,20,38
"data, visual, visualization, analysis, techniques, study, interactive, based, method, users",,1,10,20,11,15,2,6,9,17,13,5,16,12,14,18,4,7,3,8,19,39
"data, users, visual, visualization, study, interactive, using, method, analysis, time",Hybrid-Image Visualization for Large Viewing Environments,1,3,16,12,19,9,7,8,5,6,2,4,15,11,14,13,10,18,17,20,40
"data, method, visual, visualization, based, system, users, visualizations, analysis, using",An Empirically-Derived Taxonomy of Interaction Primitives for Interactive Cartography and Geovisualization,4,19,14,3,10,1,7,17,15,5,2,8,13,12,6,11,18,16,9,20,41
"data, visualizations, method, visual, users, system, visualization, study, interactive, using",A Design Space of Visualization Tasks,11,15,17,2,20,3,7,6,8,14,12,18,13,16,10,4,1,5,9,19,42
"data, using, visualizations, users, study, interactive, visual, based, method, results",A Multi-Level Typology of Abstract Visualization Tasks,3,14,16,11,5,2,20,7,17,1,10,19,8,4,6,12,13,9,15,18,43
"users, data, using, study, interactive, system, results, time, visualizations, method",Information Visualization and Proxemics: Design Opportunities and Empirical findings,9,6,17,10,8,12,3,4,5,19,1,14,13,18,15,16,2,11,20,7,44
"data, visual, method, users, visualization, based, using, system, analysis, study",An Interaction Model for Visualizations Beyond The Desktop,1,19,7,4,2,9,18,17,16,5,3,6,10,11,14,15,12,8,13,20,45
"data, time, visual, users, based, visualization, study, interactive, use, visualizations",A Deeper Understanding of Sequence in Narrative Visualization,9,5,8,7,19,16,4,18,3,6,2,17,11,12,10,1,13,20,14,15,46
"data, visualizations, using, based, visual, time, results, visualization, users, study",SketchStory: Telling More Engaging Stories with Data through Freeform Sketching,6,4,7,9,15,18,5,2,10,16,8,3,12,14,17,11,19,1,20,13,47
"data, users, method, time, visual, visualizations, visualization, study, interactive, use",Using Concrete Scales: A Practical Framework for Effective Visual Depiction of Complex Measures,6,8,10,13,20,2,12,18,16,4,3,11,9,17,1,5,7,14,15,19,48
"data, visual, visualization, analysis, visualizations, techniques, based, system, method, paper",StoryFlow: Tracking the Evolution of Stories,5,3,13,8,15,9,20,6,14,17,1,7,18,4,19,2,16,11,12,10,49
"data, using, users, visualizations, visual, study, interactive, system, results, based",Visual Sedimentation,3,17,18,15,2,7,1,9,19,13,12,6,10,14,11,5,8,4,16,20,50
"data, visual, users, visualization, using, based, study, interactive, visualizations, different",Nanocubes for Real-Time Exploration of Spatiotemporal Datasets,4,8,10,2,20,11,1,12,17,6,5,18,15,16,9,13,7,3,14,19,51
"data, visual, visualization, analysis, based, techniques, study, interactive, visualizations, system",Visualizing Request-Flow Comparison to Aid Performance Diagnosis in Distributed Systems,9,8,13,18,12,7,15,16,5,4,3,6,2,10,19,1,14,17,11,20,52
"data, users, visual, visualizations, using, based, visualization, study, interactive, method",Evaluation of filesystem Provenance Visualization Tools,12,8,6,1,14,10,4,16,18,7,5,13,11,3,19,2,15,9,17,20,53
"data, users, visual, based, visualization, time, using, visualizations, system, analysis",Visualizing Fuzzy Overlapping Communities in Networks,8,7,13,2,10,1,6,11,14,12,16,4,15,3,9,19,17,5,20,18,54
"data, time, visual, using, visualizations, visualization, use, method, study, interactive",Radial Sets: Interactive Visual Analysis of Large Overlapping Sets,1,11,19,7,8,6,9,14,3,2,5,20,16,10,13,12,4,15,17,18,55
"data, visual, visualization, analysis, time, techniques, system, visualizations, based, users",SoccerStories: A Kick-off for Visual Soccer Analysis,1,14,11,3,12,5,7,15,19,4,6,18,2,16,17,10,9,8,13,20,56
"data, visual, users, visualization, based, analysis, time, techniques, using, visualizations",Creative User-Centered Visualization Design for Energy Analysts and Modelers,1,8,3,9,13,4,6,20,18,2,7,10,5,12,17,16,14,11,15,19,57
"data, visual, using, visualization, users, based, analysis, time, results, study",Understanding Interfirm Relationships in Business Ecosystems with Interactive Visualization,8,1,6,5,14,16,2,7,15,3,4,19,11,17,13,10,12,20,9,18,58
"data, visual, visualization, time, system, visualizations, analysis, using, users, use",Entourage: Visualizing Relationships between Biological Pathways using Contextual Subsets,6,10,16,9,12,11,4,5,2,14,7,3,8,17,19,13,15,1,18,20,59
"data, visual, visualization, based, using, analysis, visualizations, study, interactive, techniques",Variant View: Visualizing Sequence Variants in their Gene Context,5,6,19,3,14,11,4,13,10,15,1,18,20,2,12,9,17,7,8,16,60
"data, system, visual, method, visualization, using, users, analysis, study, interactive",DiffAni: Visualizing Dynamic Graphs with a Hybrid of Difference Maps and Animation,10,2,14,5,9,11,13,18,19,7,1,12,4,16,3,15,8,6,20,17,61
"data, visual, visualization, method, system, analysis, different, visualizations, based, techniques",Visualizing Change over Time Using Dynamic Hierarchies: TreeVersity2 and the StemView,7,16,17,4,12,6,2,9,10,15,1,19,14,3,11,5,8,13,18,20,62
"data, system, study, interactive, visual, using, visualization, users, visualizations, analysis",Visual Compression of Workflow Visualizations with Automated Detection of Macro Motifs,4,5,6,16,15,18,17,1,10,12,9,14,8,19,11,3,7,13,2,20,63
"data, visual, visualization, analysis, users, visualizations, method, techniques, based, paper",Automatic Layout of Structured Hierarchical Reports,12,6,8,2,20,4,14,11,16,10,1,3,13,19,17,18,15,7,5,9,64
"data, visual, visualization, visualizations, method, based, analysis, using, different, techniques",Edge Compression Techniques for Visualization of Dense Directed Graphs,3,7,13,11,19,8,5,1,10,2,14,16,17,4,20,6,12,15,18,9,65
"data, visual, visualization, analysis, visualizations, method, techniques, users, time, paper",GPLOM: The Generalized Plot Matrix for Visualizing Multidimensional Multivariate Data,5,18,15,1,14,10,8,19,7,13,2,12,11,9,16,4,6,3,17,20,66
"data, visualizations, visual, method, visualization, system, study, interactive, analysis, different",Orthographic Star Coordinates,7,8,20,5,16,6,10,18,12,4,3,19,2,15,13,9,1,11,14,17,67
"data, users, using, visual, based, system, visualization, time, study, interactive",Dimension Projection Matrix/Tree: Interactive Subspace Visual Exploration and Analysis of High Dimensional Data,7,17,15,13,10,5,1,16,6,14,2,8,12,9,11,18,4,3,20,19,68
"data, visual, visualizations, visualization, based, system, method, analysis, different, techniques",Empirical Guidance on Scatterplot and Dimension Reduction Technique Choices,6,7,12,1,18,5,4,14,15,13,16,2,17,19,10,3,11,9,8,20,69
"data, visual, visualization, users, analysis, system, visualizations, based, techniques, using",Visualization of Shape Motions in Shape Space,10,5,18,2,11,7,17,14,20,6,3,13,8,16,12,4,1,9,15,19,70
"data, visual, visualization, users, using, study, interactive, analysis, based, results",Fast Blending Scheme for Molecular Surface Representation,3,10,18,1,17,4,5,2,7,15,11,20,14,16,6,9,12,13,8,19,71
"data, visual, users, time, visualization, system, analysis, use, visualizations, based",Detecting Symmetry in Scalar fields Using Augmented Extremum Graphs,4,13,19,17,10,14,12,8,15,9,1,3,6,2,16,5,11,7,18,20,72
"data, visual, visualization, analysis, system, techniques, users, method, present, study",Fast Generation of Virtual X-ray Images for Reconstruction of 3D Anatomy,6,14,5,10,15,8,9,3,13,1,16,11,18,12,2,4,7,17,20,19,73
"data, method, visual, users, visualizations, system, visualization, based, different, analysis",An Information-Aware Framework for Exploring Multivariate Data Sets,7,9,20,2,10,17,12,13,16,4,8,6,18,3,19,1,11,14,5,15,74
"data, visual, visualization, using, study, interactive, users, analysis, system, results",Efficient Local Statistical Analysis via Integral Histograms with Discrete Wavelet Transform,1,14,3,6,20,5,15,16,13,11,2,10,7,9,17,19,8,4,12,18,75
"data, visual, users, based, visualization, visualizations, analysis, method, using, present",Characterizing and Visualizing Predictive Uncertainty in Numerical Ensembles Through Bayesian Model Averaging,8,17,12,1,16,18,2,6,5,4,3,10,7,15,13,11,19,20,9,14,76
"data, visual, visualization, analysis, method, study, interactive, visualizations, system, techniques",Contour Boxplots: A Method for Characterizing Uncertainty in Feature Sets from Simulation Ensembles,2,4,17,15,19,6,16,10,3,14,13,11,5,8,1,9,20,7,12,18,77
"data, visual, visualization, using, method, visualizations, analysis, study, interactive, different",Uncertainty Quantification in Linear Interpolation for Isosurface Extraction,8,9,18,4,10,2,7,19,16,3,12,11,1,17,13,14,5,6,15,20,78
"data, visual, visualizations, users, visualization, system, study, interactive, based, analysis",Coupled Ensemble Flow Line Advection and Analysis,11,14,7,1,12,20,18,16,3,17,2,8,6,4,10,13,5,9,19,15,79
"data, visual, visualization, study, interactive, system, method, users, analysis, techniques",Comparative Visual Analysis of Lagrangian Transport in CFD Ensembles,3,6,7,1,8,15,12,11,5,2,4,17,14,16,19,9,10,13,18,20,80
"data, method, time, visual, visualizations, visualization, using, use, users, analysis",Adaptive Refinement of the Flow Map Using Sparse Samples,1,6,12,5,17,7,10,16,18,13,2,15,3,8,11,14,9,4,20,19,81
"data, visual, visualizations, visualization, analysis, time, study, interactive, different, using",Visualization of Morse Connection Graphs for Topologically Rich 2D Vector fields,16,11,6,1,19,9,15,12,3,10,2,17,4,5,18,7,14,8,13,20,82
"data, visual, using, visualization, users, analysis, results, based, techniques, study",Semi-Automatic Vortex Extraction in 4D PC-MRI Cardiac Blood Flow Data using Line Predicates,7,5,8,4,20,1,10,9,17,6,2,15,14,12,16,3,11,18,13,19,83
"data, study, interactive, visual, system, users, visualization, using, method, time",Design by Dragging: An Interface for Creative Forward and Inverse Design with Simulation Ensembles,17,11,12,4,16,15,8,6,18,5,1,19,9,2,3,10,7,13,20,14,84
"data, users, visual, visualization, using, method, time, analysis, study, interactive",A Multi-Criteria Approach to Camera Motion Design for Volume Data Animation,5,9,2,3,18,13,11,6,14,7,8,12,1,15,17,10,19,4,16,20,85
"data, method, using, visualizations, users, visual, visualization, results, system, analysis",A Lightweight Tangible 3D Interface for Interactive Visualization of Thin fiber Structures,4,11,12,13,14,9,16,5,3,7,2,15,10,19,6,8,17,1,18,20,86
"data, visual, visualizations, time, visualization, based, analysis, study, interactive, use",Evaluation of Static and Dynamic Visualization Training Approaches for Users with Different Spatial Abilities,2,4,12,6,17,13,10,7,19,5,1,15,9,14,18,16,8,3,11,20,87
"data, users, system, based, visual, using, visualizations, visualization, method, time",A Systematic Review on the Practice of Evaluating Visualization,13,4,10,1,18,14,9,7,12,11,3,19,2,17,16,15,5,6,8,20,88
"data, visual, visualizations, visualization, method, analysis, system, users, time, techniques",Interactive Patient-Specific Vascular Modeling with Sweep Surfaces,4,10,19,14,8,20,7,16,13,3,1,17,5,12,15,11,2,9,6,18,89
"data, study, interactive, visual, visualization, visualizations, users, using, analysis, time",Area-Preservation Mapping using Optimal Mass Transport,4,3,11,5,7,2,15,6,14,8,10,16,18,17,12,9,13,1,20,19,90
"data, based, system, visual, users, visualization, visualizations, different, analysis, using",Colon Flattening Using Heat Diffusion Riemannian Metric,4,6,12,5,11,7,10,8,9,14,2,15,16,13,19,3,1,17,18,20,91
"data, time, visual, system, visualization, users, study, interactive, based, use",Vessel Visualization using Curved Surface Reformation,8,2,12,1,11,15,18,19,3,9,5,14,10,17,13,16,6,4,7,20,92
"data, using, visual, visualizations, visualization, time, results, system, analysis, method",ConnectomeExplorer: Query-Guided Visual Analysis of Large Volumetric Neuroscience Data,4,13,15,5,16,6,12,18,19,7,3,8,14,20,11,2,9,1,10,17,93
"data, visual, visualization, based, users, analysis, method, visualizations, using, techniques",ManyVis: Multiple Applications in an Integrated Visualization Environment,16,1,18,8,14,7,12,15,11,2,20,10,13,17,5,3,4,6,9,19,94
"data, visual, visualization, study, interactive, users, visualizations, using, analysis, based",Acuity-Driven Gigapixel Visualization,8,9,14,1,16,6,18,19,4,2,12,13,5,15,11,3,7,10,17,20,95
"data, visual, visualization, system, using, analysis, visualizations, method, different, time",An Exploration Framework to Identify and Track Movement of Cloud Systems,5,10,15,4,9,11,1,17,12,3,2,8,19,16,6,13,7,14,18,20,96
"data, visual, users, visualization, analysis, based, system, time, method, techniques",MObjects--A Novel Method for the Visualization and Interactive Exploration of Defects in Industrial XCT Data,1,8,16,4,18,9,3,6,14,2,11,20,15,17,10,13,12,5,7,19,97
"data, visual, visualization, visualizations, analysis, users, system, study, interactive, based",GRACE: A Visual Comparison Framework for Integrated Spatial and Non-Spatial Geriatric Data,4,9,6,1,20,17,7,18,16,12,3,19,14,8,10,5,2,13,11,15,98
"data, system, visual, users, visualization, using, analysis, visualizations, time, based",Noise-Based Volume Rendering for the Visualization of Multivariate Volumetric Data,9,4,16,3,17,14,7,15,8,1,2,12,20,18,5,11,6,10,19,13,99
"data, visual, visualization, users, analysis, system, techniques, based, time, visualizations",Ambient Volume Scattering,5,18,10,3,6,11,7,15,17,2,1,14,20,16,8,4,13,9,12,19,100
"data, using, visualizations, system, visual, based, time, results, visualization, method",Lighting Design for Globally Illuminated Volume Rendering,2,15,20,1,7,8,14,13,9,18,11,4,3,5,12,6,10,17,19,16,101
"data, visual, visualization, analysis, users, study, interactive, techniques, method, different",Generalized Topological Simplification of Scalar fields on Surfaces,10,20,16,14,17,12,5,11,6,8,7,18,4,15,13,1,3,2,9,19,102
"data, visual, users, visualization, system, analysis, study, interactive, method, time",Computing Morse-Smale Complexes with Accurate Geometry,6,13,20,5,8,4,2,11,7,16,1,10,14,17,18,3,15,12,9,19,103
"data, method, visual, users, visualizations, visualization, system, based, analysis, using",Visualization of Temporal Similarity in field Data,2,6,3,4,18,12,9,5,10,1,7,16,13,15,11,17,14,8,19,20,104
"data, system, visual, visualization, method, analysis, visualizations, users, using, present",Visualizing Nuclear Scission through a Multifield Extension of Topological Analysis,13,3,14,10,18,19,1,5,2,4,16,6,17,15,11,7,9,8,12,20,105
"data, visualizations, visual, visualization, system, users, using, analysis, time, techniques",Augmented Topological Descriptors of Pore Networks for Material Science,9,7,8,5,16,1,3,11,19,10,4,12,2,17,15,6,14,20,13,18,106
"data, visual, method, time, visualization, using, based, analysis, use, results",KnotPad: Visualizing and Exploring Knot Theory with Fluid Reidemeister Moves,4,17,7,2,15,1,11,13,19,3,5,16,10,14,20,8,6,12,9,18,107
"data, visual, based, users, visualization, analysis, using, study, interactive, method",Visualization of Electrostatic Dipoles in Molecular Dynamics of Metal Oxides,1,8,5,3,4,18,7,14,10,6,17,11,9,13,19,2,15,16,12,20,108
"data, visual, visualizations, visualization, method, users, based, analysis, using, study",Cumulative Heat Diffusion Using Volume Gradient Operator for Volume Analysis,8,15,7,9,19,5,16,2,6,4,1,17,13,18,11,14,3,12,10,20,109
"data, visual, users, using, based, study, interactive, visualization, analysis, results",A Novel Approach to Visualizing Dark Matter Simulations,2,10,18,11,13,6,3,9,8,1,12,15,4,5,16,7,14,19,20,17,110
"data, visual, method, visualization, visualizations, time, users, analysis, study, interactive",Visual Data Analysis as an Integral Part of Environmental Management,2,15,9,16,10,13,1,5,18,12,14,8,19,4,17,6,7,11,3,20,111
"data, visual, visualization, analysis, system, users, time, techniques, visualizations, use",Evaluation of Fast-Forward Video Visualization,1,10,8,2,20,4,7,6,18,11,5,12,14,13,16,3,9,15,17,19,112
"data, visual, based, using, visualization, visualizations, system, users, time, method",Human Computation in Visualization: Using Purpose Driven Games for Robust Evaluation of Visualization Algorithms,13,2,16,3,17,5,9,7,19,4,1,14,10,20,15,12,6,8,11,18,113
"data, visualizations, visual, visualization, using, analysis, method, system, study, interactive",Evaluation of Multivariate Visualization on a Multivariate Task,2,10,18,1,14,4,6,19,9,3,5,13,16,15,8,7,11,12,17,20,114
"data, method, users, based, visual, study, interactive, using, visualization, time",A Data-Driven Approach to Hue-Preserving Color-Blending,17,8,16,3,7,4,13,9,2,19,1,6,15,11,18,12,14,5,10,20,115
"data, visual, using, visualization, visualizations, users, system, study, interactive, analysis",Effects of Stereo and Screen Size on the Legibility of Three-Dimensional Streamtube Visualization,5,6,13,9,3,8,17,14,11,12,2,4,10,16,15,7,18,1,19,20,116
"data, visual, visualizations, visualization, users, method, analysis, based, system, different",Analysis of Streamline Separation at Infinity Using Time-Discrete Markov Chains,11,15,7,3,10,5,13,17,14,2,8,19,1,12,16,18,9,6,4,20,117
"data, based, visual, visualization, users, visualizations, study, interactive, analysis, time",Derived Metric Tensors for Flow Surface Visualization,12,1,3,13,16,8,17,6,11,2,4,19,14,10,15,7,9,5,20,18,118
"data, visual, visualization, visualizations, analysis, method, techniques, users, time, based",Lagrangian Coherent Structures for Design Analysis of Revolving Doors,3,19,9,16,17,5,7,8,14,4,2,12,6,15,18,1,13,10,11,20,119
"data, visual, visualization, method, study, interactive, analysis, using, present, based",Turbulence Visualization at the Terascale on Desktop PCs,4,7,13,1,18,19,16,8,17,9,5,2,10,6,15,11,14,12,3,20,120
"data, visualizations, visual, system, users, using, visualization, method, based, time",Automatic Detection and Visualization of Qualitative Hemodynamic Characteristics in Cerebral Aneurysms,6,8,11,10,13,2,3,15,12,1,7,17,18,9,5,20,4,16,14,19,121
"data, visual, visualization, based, analysis, visualizations, users, study, interactive, techniques",Visualization of Astronomical Nebulae via Distributed Multi-GPU Compressed Sensing Tomography,6,14,15,4,17,2,9,1,12,5,16,18,7,13,19,3,10,11,8,20,122
"data, visual, users, system, method, visualizations, visualization, based, analysis, time",Visualization of Flow Behavior in Earth Mantle Convection,11,2,19,1,14,15,7,20,18,13,3,9,4,5,10,6,17,12,8,16,123
"data, visual, visualization, study, interactive, analysis, users, techniques, method, visualizations",Interactive Retro-Deformation of Terrain for Reconstructing 3D Fault Displacements,9,15,19,8,18,3,5,11,17,1,2,10,4,12,16,6,14,7,13,20,124
"data, visualizations, using, method, users, system, study, interactive, visual, results",A Visual Analysis Concept for the Validation of Geoscientific Simulation Models,3,19,6,11,15,13,1,8,4,17,9,2,5,10,18,12,7,20,14,16,125
"data, visual, visualization, method, analysis, system, using, study, interactive, based",SeiVis: An Interactive Visual Subsurface Modeling Application,7,4,15,5,19,16,6,20,3,9,13,14,12,8,11,1,10,2,18,17,126
"data, based, visual, method, visualization, users, time, analysis, using, techniques",WYSIWYP: What You See Is What You Pick,12,8,5,3,16,20,11,18,10,4,6,7,1,13,19,15,14,2,9,17,127
"data, visual, visualization, analysis, techniques, visualizations, users, method, time, using",Efficient Structure-Aware Selection Techniques for 3D Point Cloud Visualizations with 2DOF Input,10,5,6,3,17,8,4,13,19,14,1,9,18,7,11,16,2,12,15,20,128
"data, visual, visualization, method, based, analysis, time, users, techniques, using",Sketching Uncertainty into Simulations,3,2,10,18,8,19,17,5,15,16,9,12,1,13,20,6,4,11,14,7,129
"data, visual, visualization, analysis, users, using, system, study, interactive, based",A Perceptual-Statistics Shading Model,5,2,17,3,16,7,1,14,20,12,4,15,8,11,9,13,6,10,19,18,130
"data, based, visual, visualizations, visualization, users, analysis, using, study, interactive",Visual Steering and Verification of Mass Spectrometry Data Factorization in Air Quality Research,3,17,18,2,12,6,15,13,14,9,8,10,1,4,5,7,20,16,11,19,131
"data, visual, visualization, method, analysis, time, visualizations, techniques, users, system",Interactive Volume Exploration of Petascale Microscopy Data Streams Using a Visualization-Driven Virtual Memory Approach,17,1,13,14,11,4,12,16,20,3,15,18,5,7,6,2,9,10,8,19,132
"data, visual, users, visualization, time, visualizations, analysis, method, use, based",An Adaptive Prediction-Based Approach to Lossless Compression of Floating-Point Volume Data,3,5,19,13,18,15,9,7,14,1,10,4,12,17,8,16,2,11,6,20,133
"data, visual, visualization, analysis, techniques, system, study, interactive, visualizations, method",On the Interpolation of Data with Normally Distributed Uncertainty for Visualization,18,6,14,4,11,5,7,2,8,1,13,3,19,16,17,12,15,10,9,20,134
"data, method, visual, using, based, visualization, users, system, analysis, time",Coherency-Based Curve Compression for High-Order finite Element Model Visualization,6,4,8,5,20,9,7,17,10,1,2,16,3,12,19,15,13,14,11,18,135
"data, visual, visualization, analysis, techniques, method, system, users, paper, design",ElVis: A System for the Accurate and Interactive Visualization of High-Order finite Element Solutions,4,5,16,10,9,7,8,14,1,11,3,15,13,17,18,20,6,2,12,19,136
"data, visual, visualizations, visualization, method, analysis, users, using, techniques, study",Fuzzy Volume Rendering,14,10,13,2,16,7,5,3,20,8,1,4,12,15,11,9,6,18,17,19,137
"data, visualizations, visual, based, method, visualization, system, users, study, interactive",Automatic Tuning of Spatially Varying Transfer Functions for Blood Vessel Visualization,9,15,2,6,13,20,5,17,12,1,3,19,10,8,11,4,18,14,7,16,138
"data, visualizations, method, visual, visualization, based, system, using, time, analysis",Hierarchical Exploration of Volumes Using Multilevel Segmentation of the Intensity-Gradient Histograms,14,7,11,13,1,6,4,18,8,9,3,17,5,2,10,15,12,19,16,20,139
"data, users, visual, method, based, visualization, using, time, present, system",Historygrams: Enabling Interactive Global Illumination in Direct Volume Rendering using Photon Mapping,8,6,13,2,20,12,10,17,14,9,1,4,15,19,5,16,3,11,7,18,140
"data, study, interactive, visualizations, based, visual, method, using, visualization, users",Structure-Aware Lighting Design for Volume Visualization,1,12,18,3,19,9,2,10,15,5,6,7,17,14,16,11,13,4,8,20,141
"data, visual, visualization, analysis, based, using, users, techniques, study, interactive",Multivariate Data Analysis Using Persistence-Based filtering and Topological Signatures,2,10,16,5,19,4,17,18,11,7,1,12,15,14,3,8,6,9,13,20,142
"data, visual, users, using, method, system, visualization, based, visualizations, study",Surface-Based Structure Analysis and Visualization for Multifield Time-Varying Datasets,9,16,3,11,1,8,5,19,12,7,4,17,2,10,14,15,13,6,18,20,143
"data, users, visual, using, based, visualizations, study, interactive, visualization, method",How Capacity Limits of Attention Influence Information Visualization Effectiveness,5,11,17,4,15,6,13,8,18,12,3,9,7,14,10,2,1,16,19,20,144
"data, study, interactive, visualizations, based, visual, method, using, users, different",Different Strokes for Different Folks: Visual Presentation Design between Disciplines,10,14,19,1,6,20,12,8,11,2,7,4,16,5,13,9,3,15,18,17,145
"visualizations, data, based, users, using, different, visual, study, interactive, method",Does an Eye Tracker Tell the Truth about Visualizations?: findings while Investigating Visualizations for Decision Making,3,7,14,4,5,1,12,18,11,13,2,19,9,10,17,16,15,6,8,20,146
"data, based, method, visual, using, system, visualizations, visualization, different, users",Design Study Methodology: Reflections from the Trenches and the Stacks,8,14,16,2,11,9,7,10,4,3,1,19,13,6,15,17,20,12,5,18,147
"data, method, visual, visualization, using, system, time, analysis, different, results",Graphical Tests for Power Comparison of Competing Designs,2,5,18,4,9,8,12,1,10,16,6,15,13,17,11,3,19,7,14,20,148
"data, visual, visualization, analysis, visualizations, based, techniques, using, different, time",A User Study on Curved Edges in Graph Visualization,4,17,16,3,8,9,7,15,13,6,1,14,12,10,18,2,11,19,5,20,149
"data, visual, method, visualization, system, using, visualizations, analysis, study, interactive",Compressed Adjacency Matrices: Untangling Gene Regulatory Networks,8,18,3,9,5,1,14,10,7,11,4,2,15,12,16,17,19,13,6,20,150
"data, study, interactive, users, based, time, visual, method, using, visualization",Visualizing Network Traffic to Understand the Performance of Massively Parallel Simulations,5,18,1,15,9,8,6,11,7,13,14,4,12,10,16,17,2,3,19,20,151
"data, visualizations, users, method, different, study, interactive, visual, system, based",Memorability of Visual Features in Network Diagrams,13,16,3,8,15,5,2,1,9,17,12,11,7,10,19,4,6,18,14,20,152
"data, visual, visualizations, visualization, study, interactive, time, based, analysis, different",Interactive Level-of-Detail Rendering of Large Graphs,1,4,12,6,20,14,9,15,2,10,3,17,16,8,13,5,11,7,19,18,153
"data, method, study, interactive, visualizations, visual, using, visualization, system, based",Visual Semiotics & Uncertainty Visualization: An Empirical Study,2,12,11,1,17,14,9,3,4,7,6,8,18,16,15,10,5,13,19,20,154
"data, visual, visualization, analysis, system, techniques, users, visualizations, using, different",Comparing Clusterings Using Bertin's Idea,16,6,15,12,17,7,3,8,13,11,5,2,9,14,10,1,4,18,19,20,155
"data, based, using, visual, visualization, method, users, results, study, interactive",Perception of Visual Variables on Tiled Wall-Sized Displays for Information Visualization Applications,10,7,17,2,13,1,9,8,11,15,3,19,5,12,14,16,6,4,18,20,156
"data, visual, visualization, analysis, visualizations, techniques, using, based, method, system",Visualizing Flow of Uncertainty through Analytical Processes,8,18,9,3,19,11,4,6,7,2,1,10,20,17,16,12,5,14,13,15,157
"data, system, visual, method, using, visualizations, visualization, study, interactive, time",Assessing the Effect of Visualizations on Bayesian Reasoning through Crowdsourcing,5,7,13,3,20,11,9,10,17,8,1,16,6,2,15,12,4,19,14,18,158
"data, visual, visualization, based, analysis, users, using, visualizations, techniques, study",Organizing Search Results with a Reference Map,8,17,19,4,14,10,11,2,15,6,18,5,1,9,3,13,7,12,16,20,159
"data, visual, visualization, based, users, analysis, method, techniques, visualizations, present",Spatial Text Visualization Using Automatic Typographic Maps,19,12,14,5,18,2,4,8,9,3,1,20,10,17,16,11,7,6,15,13,160
"data, visual, visualization, time, analysis, visualizations, users, method, system, techniques",Stacking-Based Visualization of Trajectory Attribute Data,10,7,8,14,20,2,15,4,5,9,1,13,16,18,19,11,12,3,6,17,161
"data, visual, users, visualization, analysis, based, visualizations, study, interactive, techniques",Adaptive Composite Map Projections,15,2,20,1,13,4,8,17,7,6,9,11,5,3,14,16,10,12,18,19,162
"data, visual, study, interactive, users, visualization, method, visualizations, system, analysis",Algorithms for Labeling Focus Regions,16,4,14,6,10,1,7,11,20,8,12,18,5,3,15,2,17,9,13,19,163
"data, visual, visualization, analysis, visualizations, study, interactive, time, techniques, users",Capturing the Design Space of Sequential Space-filling Layouts,18,1,17,3,8,2,5,9,12,4,6,15,7,13,10,11,16,14,19,20,164
"data, study, interactive, visual, based, visualizations, visualization, users, method, time",Taxonomy-Based Glyph Design---with a Case Study on Visualizing Workflows of Biological Experiments,11,6,18,2,20,3,8,16,10,17,7,19,12,5,14,1,15,9,4,13,165
"data, based, time, study, interactive, different, visualizations, users, visual, using",An Empirical Model of Slope Ratio Comparisons,16,6,13,3,20,12,11,18,4,14,1,15,9,8,17,2,7,10,5,19,166
"data, visual, visualization, analysis, users, system, visualizations, techniques, method, study",Representative Factor Generation for the Interactive Visual Analysis of High-Dimensional Data,17,3,2,4,20,9,12,8,13,5,1,10,15,7,19,18,6,11,14,16,167
"data, visual, visualization, users, visualizations, system, based, time, analysis, study",Graphical Overlays: Using Layered Elements to Aid Chart Reading,6,9,19,10,15,1,7,16,12,3,5,2,11,20,14,17,8,4,13,18,168
"data, visual, visualization, visualizations, users, analysis, system, using, method, time",Facilitating Discourse Analysis with Interactive Visualization,12,11,9,4,3,13,10,1,18,2,6,5,16,14,15,8,7,17,19,20,169
"data, users, visual, visualizations, based, visualization, analysis, system, method, techniques",Whisper: Tracing the Spatiotemporal Process of Information Diffusion in Real Time,7,5,10,2,17,6,8,15,9,19,1,11,13,14,20,12,16,3,4,18,170
"data, visual, visualizations, based, visualization, users, analysis, system, study, interactive",,19,18,6,4,17,13,3,2,9,10,5,14,15,8,1,11,20,12,7,16,171
"data, visual, visualizations, visualization, method, study, interactive, analysis, based, system",RankExplorer: Visualization of Ranking Changes in Large Time Series Data,6,15,12,1,18,14,5,4,3,8,2,11,10,16,17,7,13,9,19,20,172
"data, based, visual, users, method, visualization, analysis, visualizations, using, system",Design Considerations for Optimizing Storyline Visualizations,13,1,4,5,17,9,7,20,8,12,3,14,6,10,16,15,11,2,18,19,173
"data, visual, visualization, system, based, visualizations, analysis, method, time, techniques",Beyond Mouse and Keyboard: Expanding Design Considerations for Information Visualization Interactions,8,1,4,2,12,10,17,6,19,7,11,15,5,9,14,16,20,13,3,18,174
"data, visual, visualization, users, based, analysis, system, method, techniques, study",Intelligent Graph Layout Using Many Users' Input,15,5,14,16,9,1,18,11,12,6,8,19,17,4,7,13,3,2,10,20,175
"data, visual, system, users, visualization, method, using, visualizations, analysis, time",PivotPaths: Strolling through Faceted Information Spaces,3,12,4,9,18,2,1,5,16,7,8,10,20,17,11,13,15,19,6,14,176
"data, method, system, visualizations, visual, study, interactive, using, visualization, time",Interaction Support for Visual Comparison Inspired by Natural Behavior,6,7,1,3,9,10,18,19,4,2,11,12,14,13,15,16,17,5,8,20,177
"data, visual, visualization, method, based, analysis, visualizations, techniques, study, interactive",RelEx: Visualization for Actively Changing Overlay Network Specifications,1,8,6,7,19,5,10,3,18,4,9,13,14,12,17,2,16,20,11,15,178
"data, users, visual, visualization, analysis, visualizations, method, based, techniques, system",Evaluating the Effect of Style in Information Visualization,1,10,15,5,11,9,14,19,6,17,3,7,13,18,16,12,2,8,4,20,179
"data, visual, visualization, analysis, method, techniques, study, interactive, system, users",Sketchy Rendering for Information Visualization,4,9,18,7,19,10,14,13,3,16,1,5,8,15,20,11,2,12,6,17,180
"data, visual, visualization, users, method, analysis, system, techniques, different, time",An Empirical Study on Using Visual Embellishments in Visualization,1,4,3,2,8,11,19,15,9,14,5,6,20,17,16,7,13,10,12,18,181
"data, time, visual, method, visualizations, study, interactive, system, visualization, use",Evaluating Sketchiness as a Visual Variable for the Depiction of Qualitative Uncertainty,19,9,20,2,10,3,1,13,15,4,6,12,14,11,7,8,5,18,16,17,182
"data, visual, visualization, method, analysis, study, interactive, techniques, based, system",Understanding Pen and Touch Interaction for Data Exploration on Interactive Whiteboards,2,17,15,10,20,18,19,13,7,11,4,9,6,8,12,1,16,3,5,14,183
"data, visual, visualization, visualizations, using, analysis, based, method, techniques, time",The DeepTree Exhibit: Visualizing the Tree of Life to Facilitate Informal Learning,2,14,10,1,13,3,5,4,17,16,6,19,11,7,18,9,12,8,15,20,184
"data, visual, visualizations, visualization, analysis, method, using, techniques, time, based",Living Liquid: Design and Evaluation of an Exploratory Visualization Tool for Museum Visitors,6,16,7,5,20,4,14,11,8,12,10,18,9,13,17,2,3,15,1,19,185
"data, system, based, users, study, interactive, using, visual, present, visualizations",Visualizing Student Histories Using Clustering and Composition,1,14,7,8,11,4,10,13,12,6,2,19,16,18,9,3,5,15,17,20,186
"data, visual, users, visualization, based, analysis, visualizations, system, method, techniques",SnapShot: Visualization to Propel Ice Hockey Analytics,4,19,14,8,15,5,9,11,10,20,1,2,3,6,13,12,18,7,16,17,187
"data, users, time, using, study, interactive, based, visualizations, system, visual",Scatter/Gather Clustering: Flexibly Incorporating User Feedback to Steer Clustering Results,11,5,19,9,12,16,4,8,14,7,2,10,17,13,3,15,1,6,18,20,188
"data, visual, visualization, users, system, visualizations, analysis, time, study, interactive",Visual Classifier Training for Text Document Retrieval,2,4,5,9,14,13,7,10,19,6,1,12,20,17,15,18,8,3,11,16,189
"data, visual, based, visualization, system, visualizations, analysis, using, study, interactive",Reinventing the Contingency Wheel: Scalable Visual Analytics of Large Categorical Data,17,3,15,14,9,18,11,16,13,10,2,12,5,8,19,1,4,6,7,20,190
"data, method, visualizations, study, interactive, visual, users, based, system, time",An Affordance-Based Framework for Human Computation and Human-Computer Collaboration,4,5,17,19,10,8,2,6,11,7,1,15,18,14,12,9,3,13,16,20,191
"data, method, visual, time, visualization, users, based, use, analysis, system",Examining the Use of a Visual Analytics System for Sensemaking Tasks: Case Studies with Domain Experts,7,13,10,4,18,9,20,1,17,2,5,11,16,6,12,19,15,8,3,14,192
"data, system, visual, users, visualizations, visualization, using, method, time, analysis",Semantic Interaction for Sensemaking: Inferring Analytical Reasoning for Model Steering,3,11,16,1,13,5,15,17,18,9,14,12,7,10,6,4,8,2,19,20,193
"data, visual, visualization, visualizations, analysis, system, study, interactive, using, techniques",Visual Analytics Methodology for Eye Movement Studies,2,7,15,10,9,18,4,14,12,13,3,6,11,17,5,16,1,8,19,20,194
"data, visual, visualization, analysis, method, techniques, based, paper, design, approach",A Visual Analytics Approach to Multiscale Exploration of Environmental Time Series,5,1,13,9,20,6,12,16,17,4,3,7,14,11,15,18,8,10,2,19,195
"data, users, visual, visualization, method, analysis, visualizations, based, system, study",The User Puzzle---Explaining the Interaction with Visual Analytics Systems,3,6,16,2,19,4,7,8,9,11,17,10,15,12,13,1,5,18,14,20,196
"data, visual, method, visualization, different, visualizations, users, using, system, analysis",Enterprise Data Analysis and Visualization: An Interview Study,3,2,20,5,11,13,10,8,15,4,1,7,16,17,18,6,12,14,9,19,197
"data, using, method, visual, results, visualization, users, system, time, analysis",Visual cluster exploration of web clickstream data,7,6,13,10,8,1,2,15,14,9,3,16,4,18,5,12,11,17,19,20,198
"data, study, interactive, based, system, visual, visualizations, users, method, using",An adaptive parameter space-filling algorithm for highly interactive cluster exploration,2,19,14,10,20,3,15,7,5,6,4,8,17,9,12,1,13,18,11,16,199
"data, visual, visualization, users, analysis, study, interactive, visualizations, system, method",Inter-active learning of ad-hoc classifiers for video visual analytics,3,12,17,1,9,14,2,10,19,6,7,16,8,13,4,18,11,5,15,20,200
"data, visual, visualization, system, analysis, method, using, users, time, based",A correlative analysis process in a visual analytics environment,13,9,15,1,18,12,2,7,5,11,3,14,4,20,16,10,6,8,19,17,201
"data, visual, visualization, system, analysis, method, techniques, using, visualizations, based",Visual pattern discovery using random projections,1,12,15,17,6,5,11,13,4,18,2,10,16,3,19,7,9,14,8,20,202
"data, visual, visualization, system, analysis, based, techniques, different, method, using",iLAMP: Exploring high-dimensional spacing through backward multidimensional projection,3,8,11,4,9,7,19,17,12,1,15,18,6,13,5,14,2,10,20,16,203
"data, visual, visualization, analysis, method, study, interactive, techniques, based, visualizations",Subspace search and visualization to make sense of alternative clusterings in high-dimensional data,4,17,1,20,15,18,10,16,7,11,3,12,13,8,14,5,2,9,6,19,204
"data, visualizations, visual, users, time, visualization, using, system, study, interactive",,3,7,11,8,16,1,2,19,15,9,12,14,4,6,20,17,10,5,13,18,205
"data, visual, visualization, using, analysis, system, results, visualizations, techniques, study",Dis-function: Learning distance functions interactively,14,5,4,2,12,6,3,20,13,10,9,18,1,7,17,8,19,11,15,16,206
"data, visual, visualization, users, method, analysis, visualizations, different, techniques, time",LeadLine: Interactive visual analysis of text data through event identification and exploration,5,8,12,3,15,9,1,10,20,2,18,11,16,17,19,7,13,6,4,14,207
"data, visual, using, visualization, visualizations, study, interactive, method, system, present",Relative N-gram signatures: Document visualization at the level of character N-grams,20,15,12,3,11,9,6,8,7,5,2,4,10,16,18,1,13,17,14,19,208
"data, users, visual, visualizations, visualization, system, based, analysis, using, time",The Deshredder: A visual analytic approach to reconstructing shredded documents,13,9,19,8,7,3,2,12,4,20,6,14,17,10,15,1,11,5,16,18,209
"data, users, visualizations, method, visual, system, study, interactive, visualization, different",,2,5,12,7,10,1,11,16,14,4,15,19,20,18,13,3,9,8,6,17,210
"data, visualizations, users, using, method, visual, study, interactive, visualization, results",SocialNetSense: Supporting sensemaking of social and structural features in networks with interactive visualization,3,6,11,2,20,16,7,17,15,9,1,4,18,14,12,10,5,13,8,19,211
"data, visual, visualization, study, interactive, using, system, analysis, method, users",Spatiotemporal social media analytics for abnormal event detection and examination using seasonal-trend decomposition,9,13,8,4,10,2,6,1,14,19,3,12,5,15,11,7,20,17,18,16,212
"data, visual, visualization, users, analysis, using, based, techniques, visualizations, system",AlVis: Situation awareness in the surveillance of road tunnels,7,17,15,11,20,8,2,13,10,14,3,5,19,1,16,12,6,9,4,18,213
"data, method, visual, visualization, time, users, visualizations, study, interactive, analysis",Smart super views---A knowledge-assisted interface for medical visualization,8,12,5,2,11,20,15,3,13,9,18,14,16,1,10,17,6,7,4,19,214
"data, visual, users, visualization, based, method, using, analysis, different, visualizations",Visual analytics for the big data era---A comparative review of state-of-the-art commercial systems,6,3,15,12,1,8,13,17,9,16,2,10,7,20,5,18,14,4,11,19,215
"data, visual, visualization, analysis, visualizations, based, method, users, techniques, system",Visual analytics methods for categoric spatio-temporal data,7,4,16,1,15,5,13,11,19,10,9,12,8,14,20,3,2,6,17,18,216
"data, visual, study, interactive, visualization, visualizations, method, analysis, based, users",Watch this: A taxonomy for dynamic data visualization,6,10,14,7,17,1,12,19,5,3,11,2,18,16,8,15,4,9,13,20,217
"data, visual, visualization, method, analysis, visualizations, system, using, techniques, study",Information retrieval failure analysis: Visual analytics as a support for interactive &#x201C;what-if&#x201D; investigation,4,3,9,7,13,19,5,15,1,6,16,2,8,12,17,18,11,10,14,20,218
"data, using, based, users, time, visual, results, method, different, use",A visual analytics approach to understanding cycling behaviour,1,7,4,12,11,2,15,14,18,5,9,6,19,8,3,13,17,10,16,20,219
"data, visualizations, visual, visualization, using, method, users, study, interactive, based",Matrix-based visual correlation analysis on large timeseries data,3,10,16,8,17,4,5,9,15,14,7,11,20,12,2,6,13,18,1,19,220
"data, visual, using, method, based, visualization, users, visualizations, study, interactive",Feature-similarity visualization of MRI cortical surface data,7,13,19,2,16,12,3,8,20,5,1,4,11,14,10,9,17,6,15,18,221
"data, visual, visualization, method, users, visualizations, analysis, using, based, time",Augmenting visual representation of affectively charged information using sound graphs,1,8,12,5,19,3,10,16,13,4,7,20,17,6,9,18,2,15,14,11,222
"data, method, system, visual, study, interactive, users, based, using, visualization",Time-oriented visualization and anticipation,3,6,2,1,9,14,16,12,17,7,11,20,19,5,18,4,10,8,13,15,223
"data, visual, visualization, analysis, method, visualizations, users, study, interactive, using",Visualising variations in household energy consumption,1,13,6,5,15,3,12,8,20,9,14,10,7,17,18,11,2,4,16,19,224
"data, visual, visualization, users, analysis, system, time, study, interactive, techniques",Optimizing an SPT-tree for visual analytics,11,5,8,3,15,7,1,10,17,19,2,12,13,14,6,4,18,9,16,20,225
"data, visual, visualization, analysis, techniques, visualizations, paper, design, approach, information",Using translational science in visual analytics,9,12,13,1,6,14,18,16,7,8,2,20,4,15,17,3,11,5,10,19,226
"data, visual, method, visualization, using, visualizations, analysis, different, study, interactive",Incorporating GOMS analysis into the design of an EEG data visual analysis tool,1,3,18,14,17,20,4,13,16,6,10,8,7,2,15,11,9,5,12,19,227
"data, visualizations, using, based, visual, visualization, results, different, analysis, method",Exploring cyber physical data streams using Radial Pixel Visualizations,19,3,17,18,20,7,11,10,9,2,12,15,13,14,1,4,6,5,8,16,228
"data, visual, based, visualization, time, analysis, visualizations, system, method, users",Exploring the impact of emotion on visual judgement,2,1,19,11,18,16,5,9,8,4,14,13,6,10,17,12,7,3,15,20,229
"data, method, visual, users, time, visualizations, visualization, study, interactive, using",Visualizing flows of images in social media,6,11,4,10,18,12,8,1,19,2,7,14,13,17,15,9,5,3,16,20,230
"data, visual, visualization, analysis, techniques, study, interactive, users, visualizations, paper",Using visual analytics to detect problems in datasets collected from photo-sharing services,19,15,8,6,13,5,9,16,4,2,3,10,14,1,17,20,11,7,12,18,231
"data, visualizations, visual, using, visualization, based, analysis, users, results, system",A generic model for the integration of interactive visualization and statistical computing using R,8,19,3,2,17,10,4,14,9,7,5,20,6,12,15,1,18,11,16,13,232
"data, visual, visualization, analysis, method, techniques, visualizations, based, users, paper",The spatiotemporal multivariate hypercube for discovery of patterns in event data,4,17,11,1,6,14,7,10,19,9,2,3,18,5,13,12,8,16,15,20,233
"data, visual, using, visualization, visualizations, users, based, different, method, study",Priming Locus of Control to affect performance,1,4,13,2,8,6,5,12,20,11,15,10,3,17,18,9,16,14,7,19,234
"data, visual, visualizations, using, visualization, study, interactive, time, system, based",Visual exploration of local interest points in sets of time series,6,15,9,2,7,3,10,18,4,8,11,16,1,12,14,19,13,5,20,17,235
"data, visual, visualization, method, analysis, present, users, techniques, study, interactive",Infographics at the Congressional Budget Office,19,4,20,5,16,2,11,7,8,18,1,9,12,3,13,10,15,14,6,17,236
"data, visual, users, system, visualization, using, method, based, analysis, visualizations",A case study: Tracking and visualizing the evolution of dark matter halos and groups of satellite halos in cosmology simulations,19,8,15,16,11,4,1,6,9,12,2,5,17,3,20,18,7,10,14,13,237
"data, visual, visualization, analysis, based, visualizations, system, using, techniques, method",VDQAM: A toolkit for database quality evaluation based on visual morphology,4,2,6,12,9,13,3,10,19,5,1,7,8,16,18,14,15,11,17,20,238
"data, visual, visualization, method, analysis, based, visualizations, techniques, users, system",LensingWikipedia: Parsing text for the interactive visualization of human history,1,7,9,11,13,8,3,14,15,2,4,18,6,5,20,16,17,12,10,19,239
"data, visual, users, visualization, using, system, analysis, visualizations, study, interactive",Saliency-Assisted Navigation of Very Large Landscape Images,4,7,10,18,14,17,19,1,9,3,12,5,15,8,11,13,6,2,16,20,240
"data, visualizations, visual, users, system, study, interactive, visualization, method, using",Hierarchical Event Selection for Video Storyboards with a Case Study on Snooker Video Visualization,12,15,3,1,7,2,14,17,20,13,4,6,10,8,16,5,11,9,19,18,241
"data, visual, users, time, visualization, based, visualizations, using, method, analysis",Artificial Defocus for Displaying Markers in Microscopy Z-Stacks,3,6,7,9,15,13,4,14,8,1,5,12,19,18,16,2,10,11,17,20,242
"data, visual, visualization, users, analysis, using, system, visualizations, study, interactive",Visualization of Topological Structures in Area-Preserving Maps,5,12,2,1,20,15,13,17,16,4,8,7,9,11,3,14,10,6,18,19,243
"data, method, users, study, interactive, visual, using, time, visualization, visualizations",Multi-Touch Table System for Medical Visualization: Application to Orthopedic Surgery Planning,1,19,13,11,15,17,7,18,6,8,9,14,2,16,5,10,3,4,12,20,244
"data, visual, visualization, based, analysis, techniques, method, users, using, study",Load-Balanced Parallel Streamline Generation on Large Scale Vector fields,3,1,7,2,20,12,6,16,8,4,13,10,18,5,17,15,14,11,9,19,245
"data, visual, visualization, analysis, method, visualizations, users, system, techniques, using",Extinction-Based Shading and Illumination in GPU Volume Ray-Casting,4,15,6,12,20,2,3,9,13,11,18,17,10,1,16,7,8,5,14,19,246
"data, visual, using, visualization, visualizations, study, interactive, analysis, method, time",GPU-Based Interactive Cut-Surface Extraction From High-Order finite Element fields,4,14,8,18,19,13,2,9,17,12,1,6,15,3,16,5,11,7,10,20,247
"data, using, visual, visualizations, method, visualization, results, users, study, interactive",GPU-based Real-Time Approximation of the Ablation Zone for Radiofrequency Ablation,8,16,19,9,7,6,10,4,14,20,3,18,12,15,17,1,2,11,5,13,248
"data, system, based, visualizations, users, visual, visualization, study, interactive, using",Feature-Based Statistical Analysis of Combustion Simulation Data,15,16,6,1,19,4,9,10,7,3,5,2,20,11,8,14,12,13,18,17,249
"data, visual, visualization, users, method, analysis, system, study, interactive, visualizations",Quasi Interpolation With Voronoi Splines,3,17,14,12,19,16,6,11,4,13,2,18,1,15,5,8,7,10,9,20,250
"data, method, visual, users, using, visualization, visualizations, study, interactive, analysis",Topological Spines: A Structure-preserving Visual Representation of Scalar fields,1,8,18,3,13,12,7,20,6,10,2,15,19,4,9,14,11,5,16,17,251
"data, visual, method, visualization, based, users, visualizations, analysis, study, interactive",Towards Robust Topology of Sparsely Sampled Data,1,2,17,6,13,18,15,9,10,16,11,14,3,5,4,7,8,12,19,20,252
"data, visual, visualization, using, users, visualizations, analysis, based, method, results",Visualization of AMR Data With Multi-Level Dual-Mesh Interpolation,1,16,12,3,17,8,4,14,10,7,2,13,6,5,18,19,11,9,15,20,253
"data, using, time, users, visual, results, use, visualizations, visualization, based",Nodes on Ropes: A Comprehensive Data and Control Flow for Steering Ensemble Simulations,11,3,4,9,17,7,5,13,18,19,1,14,12,10,16,6,2,8,15,20,254
"data, visual, visualization, users, based, analysis, system, time, visualizations, techniques",,9,7,8,14,20,11,3,1,6,2,4,13,12,17,5,10,15,16,18,19,255
"data, based, system, using, visual, visualizations, visualization, time, results, study",Tuner: Principled Parameter finding for Image Segmentation Algorithms Using Visual Response Surface Exploration,10,16,13,7,12,3,19,2,5,6,1,17,4,9,15,20,18,8,11,14,256
"system, data, based, method, visualizations, users, time, using, different, visual",Branching and Circular Features in High Dimensional Data,2,7,12,13,14,19,20,10,3,6,9,5,1,11,16,8,17,4,15,18,257
"data, method, visual, visualization, based, users, analysis, system, visualizations, time",Features in Continuous Parallel Coordinates,4,18,5,9,11,1,6,7,14,12,19,8,17,3,16,13,15,2,10,20,258
"data, visual, visualization, analysis, method, techniques, based, using, users, time",About the Influence of Illumination Models on Image Comprehension in Direct Volume Rendering,6,1,9,17,2,3,20,7,11,10,8,15,4,18,19,5,13,16,12,14,259
"data, users, visualizations, visual, method, visualization, study, interactive, system, analysis",Automatic Transfer Functions Based on Informational Divergence,14,12,9,3,19,5,13,4,18,2,1,10,6,15,11,16,7,8,17,20,260
"data, visual, visualization, method, analysis, study, interactive, system, techniques, present",The Effect of Colour and Transparency on the Perception of Overlaid Grids,8,6,17,4,15,10,13,12,7,2,1,14,19,16,9,5,3,18,11,20,261
"data, visual, visualization, users, analysis, visualizations, study, interactive, using, techniques",Flow Radar Glyphs&amp;#8212;Static Visualization of Unsteady Flow with Uncertainty,8,4,16,11,13,9,7,3,17,6,1,5,14,12,2,10,18,15,19,20,262
"data, using, users, visualizations, based, method, system, results, visual, different",iView: A Feature Clustering Framework for Suggesting Informative Views in Volume Visualization,8,2,13,1,7,15,3,18,12,6,4,20,19,5,16,9,11,10,14,17,263
"data, based, visual, users, visualization, method, analysis, study, interactive, time",Volume Analysis Using Multimodal Surface Similarity,8,9,17,7,6,2,5,11,13,3,1,19,10,4,18,16,14,12,15,20,264
"data, visual, visualization, study, interactive, using, analysis, visualizations, based, techniques",Asymmetric Tensor field Visualization for Surfaces,14,17,13,11,19,8,7,2,15,4,3,6,10,1,16,9,5,12,20,18,265
"data, users, visualizations, based, visual, system, method, visualization, time, analysis",An Interactive Local Flattening Operator to Support Digital Investigations on Artwork Surfaces,6,1,14,3,19,12,11,8,7,10,9,2,13,5,15,18,4,17,16,20,266
"data, visualizations, based, method, visual, visualization, system, users, analysis, using",Context Preserving Maps of Tubular Structures,10,12,8,4,14,3,7,17,15,19,1,13,5,11,16,9,2,6,18,20,267
"data, visual, based, visualization, visualizations, using, analysis, system, time, users",Authalic Parameterization of General Surfaces Using Lie Advection,3,7,20,1,18,2,10,8,5,4,16,13,9,12,15,11,6,19,17,14,268
"data, method, visual, visualization, system, using, time, study, interactive, analysis",TransGraph: Hierarchical Exploration of Transition Relationships in Time-Varying Volumetric Data,19,4,10,5,9,6,13,3,8,2,1,18,17,16,14,12,15,11,7,20,269
"data, visualizations, study, interactive, using, present, different, users, visual, based",Voronoi-Based Extraction and Visualization of Molecular Paths,7,3,19,8,9,10,12,1,15,18,5,14,6,16,13,11,17,4,2,20,270
"data, visual, visualization, visualizations, users, method, study, interactive, analysis, using",Symmetry in Scalar field Topology,2,15,17,1,14,12,6,20,16,5,9,10,11,3,19,4,18,13,8,7,271
"data, visual, system, visualization, study, interactive, method, users, analysis, using",A Scale Space Based Persistence Measure for Critical Points in 2D Scalar fields,6,2,7,4,20,9,1,19,12,5,3,13,18,11,17,8,14,15,10,16,272
"data, users, visual, study, interactive, visualization, method, based, analysis, using",Evaluation of Trend Localization with Multi-Variate Visualizations,7,4,6,9,15,16,10,11,18,1,2,13,8,12,3,5,14,20,17,19,273
"data, visual, visualization, visualizations, analysis, using, techniques, results, users, method",Straightening Tubular Flow for Side-by-Side Visualization,1,5,17,3,15,6,8,16,12,13,7,11,10,14,19,2,9,18,4,20,274
"data, system, visual, visualization, method, analysis, using, study, interactive, visualizations",Vortex Visualization in Ultra Low Reynolds Number Insect Flight,3,7,14,6,13,2,5,8,17,4,1,10,9,12,16,15,11,18,19,20,275
"data, visual, visualizations, using, visualization, time, based, method, analysis, results",Two-Dimensional Time-Dependent Vortex Regions Based on the Acceleration Magnitude,4,3,12,1,18,7,13,14,17,15,2,11,6,5,19,16,8,9,10,20,276
"data, visual, visualization, analysis, using, users, time, techniques, visualizations, results",Adaptive Extraction and Quantification of Geophysical Vortices,6,10,14,4,3,1,15,13,18,16,7,17,19,5,2,8,12,9,11,20,277
"data, method, users, system, visualizations, based, visual, study, interactive, visualization",FoamVis: Visualization of 2D Foam Simulation Data,17,12,18,9,14,6,3,5,13,15,4,7,20,16,2,19,8,1,11,10,278
"data, visual, visualization, visualizations, analysis, users, using, based, method, techniques",WYSIWYG (What You See is What You Get) Volume Visualization,10,6,5,3,15,7,13,2,12,11,1,14,9,8,17,20,18,4,19,16,279
"data, visual, method, visualization, study, interactive, time, analysis, users, using",Interactive Volume Visualization of General Polyhedral Grids,3,16,10,2,17,1,6,13,20,9,4,8,18,19,7,12,5,11,14,15,280
"data, study, interactive, visual, visualization, method, using, system, analysis, based",Image Plane Sweep Volume Illumination,7,10,13,3,17,12,6,5,4,1,2,18,19,11,15,9,8,16,14,20,281
"data, visual, visualization, based, analysis, system, users, using, visualizations, study",Interactive Multiscale Tensor Reconstruction for Multiresolution Volume Visualization,8,11,3,6,9,10,16,18,1,15,2,20,19,12,13,5,7,4,14,17,282
"data, visual, time, visualization, system, using, method, users, analysis, use",An Efficient Direct Volume Rendering Approach for Dichromats,14,16,3,18,15,1,20,10,5,6,2,9,13,17,11,8,4,7,12,19,283
"users, data, study, interactive, based, different, visual, system, visualizations, visualization",Interactive Virtual Probing of 4D MRI Blood-Flow,7,4,17,2,14,1,19,10,9,8,6,13,12,16,18,3,5,20,15,11,284
"data, visual, visualization, analysis, based, visualizations, method, system, users, techniques",Crepuscular Rays for Tumor Accessibility Planning,4,3,17,7,10,6,9,16,8,5,1,11,12,2,19,20,13,15,14,18,285
"data, visual, visualization, analysis, time, visualizations, techniques, method, use, paper",Distance Visualization for Interactive 3D Implant Planning,11,5,13,12,10,4,14,16,8,6,1,2,18,9,7,19,3,17,15,20,286
"data, visual, visualization, analysis, method, users, techniques, visualizations, based, system",The FLOWLENS: A Focus-and-Context Visualization Approach for Exploration of Blood Flow in Cerebral Aneurysms,1,5,7,10,3,14,6,18,13,4,8,2,19,17,11,16,9,15,12,20,287
"data, visual, visualization, system, analysis, method, techniques, visualizations, using, based",Projection-Based Metal-Artifact Reduction for Industrial 3D X-ray Computed Tomography,3,1,15,2,5,16,4,20,10,7,14,11,12,18,8,13,17,6,9,19,288
"data, visual, visualization, analysis, method, techniques, visualizations, users, based, using",Quality Metrics in High-Dimensional Data Visualization: An Overview and Systematization,3,14,18,4,10,12,5,2,8,16,11,6,17,20,9,1,15,7,19,13,289
"data, visual, based, using, visualization, method, users, analysis, visualizations, results",Benefitting InfoVis with Visual Difficulties,2,10,14,6,13,18,1,7,9,5,8,15,3,17,11,4,16,19,12,20,290
"data, visual, visualization, analysis, time, visualizations, based, study, interactive, techniques",Product Plots,2,7,14,5,15,3,6,17,12,16,10,9,11,8,20,18,4,1,13,19,291
"data, visual, visualization, analysis, users, techniques, based, method, visualizations, using",Visualization Rhetoric: Framing Effects in Narrative Visualization,1,6,10,4,17,3,19,2,18,13,9,7,8,5,16,14,12,11,20,15,292
"data, visual, visualization, based, analysis, techniques, visualizations, method, users, using",Adaptive Privacy-Preserving Visualization Using Parallel Coordinates,15,9,7,12,8,14,3,2,18,13,5,4,10,19,11,1,16,6,17,20,293
"data, visual, visualization, study, interactive, users, analysis, using, method, different",Context-Preserving Visual Links,5,6,11,7,19,2,12,8,20,3,1,9,14,17,10,4,13,15,16,18,294
"data, visual, visualization, analysis, using, system, techniques, study, interactive, visualizations",,2,8,11,9,18,3,6,15,20,4,1,7,13,14,12,16,10,5,17,19,295
"data, visual, visualization, method, visualizations, analysis, users, using, study, interactive",Developing and Evaluating Quilts for the Depiction of Large Layered Graphs,16,4,5,2,13,1,12,9,11,10,3,7,15,14,17,18,6,19,20,8,296
"data, visual, visualization, analysis, using, based, techniques, users, method, system",Arc Length-Based Aspect Ratio Selection,19,5,7,1,9,14,4,6,10,3,15,13,16,12,20,11,2,8,17,18,297
"data, system, users, visual, different, based, visualizations, using, visualization, method",Asymmetric Relations in Longitudinal Social Networks,10,14,8,6,18,7,5,4,13,9,1,12,2,15,11,3,20,19,16,17,298
"data, visual, visualization, method, time, analysis, system, visualizations, study, interactive",,16,5,19,7,3,11,14,15,4,6,10,18,9,2,13,12,17,8,1,20,299
"data, visual, visualizations, visualization, users, method, analysis, based, using, time",D&#x0B3; Data-Driven Documents,6,7,12,14,19,4,17,8,16,5,11,2,3,13,18,10,1,15,9,20,300
"data, visual, users, using, visualization, system, analysis, based, results, techniques",Flexible Linked Axes for Multivariate Data Visualization,1,4,19,14,5,16,8,13,2,6,15,18,7,3,11,17,10,9,12,20,301
"data, visual, visualization, analysis, users, using, techniques, method, study, interactive",Synthetic Generation of High-Dimensional Datasets,2,9,18,4,17,3,16,6,15,7,1,12,13,5,20,8,11,10,14,19,302
"data, visual, using, system, visualization, based, users, results, visualizations, analysis",Stereoscopic Highlighting: 2D Graph Visualization on Stereo Displays,3,10,13,11,16,4,5,12,20,8,1,7,15,9,2,19,17,6,14,18,303
"data, using, visual, visualization, method, results, time, users, analysis, visualizations",In Situ Exploration of Large Dynamic Networks,11,3,20,8,14,1,17,15,10,13,4,5,6,18,7,2,12,9,16,19,304
"data, visual, users, visualization, visualizations, analysis, system, present, techniques, method",Parallel Edge Splatting for Scalable Dynamic Graph Visualization,11,13,15,3,14,7,6,2,16,10,4,1,12,19,9,5,17,18,8,20,305
"data, users, visual, using, based, visualization, system, method, visualizations, analysis",Divided Edge Bundling for Directional Network Data,4,15,8,3,13,9,12,5,10,20,2,6,14,11,1,7,18,16,17,19,306
"data, visual, visualization, system, method, visualizations, analysis, users, study, interactive",Skeleton-Based Edge Bundling for Graph Visualization,8,17,18,1,19,15,5,2,16,10,3,11,12,13,14,7,6,4,9,20,307
"data, visual, users, visualization, time, analysis, visualizations, based, using, system",BirdVis: Visualizing and Understanding Bird Populations,6,7,16,4,19,3,13,14,15,9,1,11,2,10,18,8,5,17,12,20,308
"data, visual, visualization, analysis, using, based, time, techniques, system, method",BallotMaps: Detecting Name Bias in Alphabetically Ordered Ballot Papers,2,18,16,1,17,5,11,19,13,4,9,14,7,3,20,15,8,6,12,10,309
"data, based, users, visual, visualization, different, study, interactive, method, visualizations",Sequence Surveyor: Leveraging Overview for Scalable Genomic Alignment Visualization,12,4,15,2,19,10,3,11,16,13,1,8,7,14,17,5,9,6,18,20,310
"data, users, system, study, interactive, visualizations, visual, time, method, visualization",Visualization of Parameter Space for Image Analysis,6,8,2,3,19,1,4,9,13,11,7,15,12,17,18,10,14,5,16,20,311
"data, visual, visualization, method, based, visualizations, users, time, analysis, using",TextFlow: Towards Better Understanding of Evolving Topics in Text,2,3,15,11,6,13,4,5,18,1,16,9,14,12,19,8,17,10,7,20,312
"data, visual, visualization, analysis, visualizations, techniques, time, based, paper, design",Exploratory Analysis of Time-Series with ChronoLenses,14,7,15,12,20,4,11,13,16,1,10,3,2,9,6,19,5,8,17,18,313
"data, method, visual, users, system, visualization, using, analysis, time, different",CloudLines: Compact Display of Event Episodes in Multiple Time-Series,11,4,6,1,20,14,9,5,13,2,7,18,15,10,19,3,12,8,16,17,314
"data, using, visual, study, interactive, based, method, users, different, results",,16,15,2,8,13,17,5,12,18,4,10,14,3,20,11,6,1,9,7,19,315
"data, visual, study, interactive, based, visualization, time, system, analysis, present",TreeNetViz: Revealing Patterns of Networks over Tree Structures,9,4,18,13,17,6,8,16,7,2,5,15,10,12,20,3,1,14,11,19,316
"data, using, visualizations, visual, results, time, method, visualization, system, different",Improved Similarity Trees and their Application to Visual Data Classification,3,2,14,8,19,9,15,10,13,4,11,17,5,1,6,16,12,18,7,20,317
"data, visual, visualization, visualizations, analysis, using, study, interactive, based, techniques",A Study on Dual-Scale Data Charts,8,6,16,5,19,1,11,18,15,7,3,2,12,13,10,14,17,4,9,20,318
"data, visual, visualization, analysis, using, time, system, techniques, based, method",Evaluation of Artery Visualizations for Heart Disease Diagnosis,4,14,11,6,7,2,19,12,10,5,1,18,3,20,16,8,9,13,17,15,319
"data, visual, visualization, using, analysis, method, visualizations, system, study, interactive",Exploring Ambient and Artistic Visualization for Residential Energy Use Feedback,10,1,13,6,15,16,4,14,12,18,17,2,11,3,8,19,7,5,9,20,320
"data, system, visual, method, visualization, users, visualizations, analysis, using, study",Human-Centered Approaches in Geovisualization Design: Investigating Multiple Methods Through a Long-Term Case Study,5,12,16,7,18,6,2,9,4,1,14,17,19,8,10,3,13,20,11,15,321
"data, visual, method, users, visualization, system, based, analysis, time, using",Visual Thinking In Action: Visualizations As Used On Whiteboards,4,11,13,8,19,5,9,2,20,3,1,16,12,10,6,7,14,17,15,18,322
